filename,file_size,file_attributes,region_count,region_id,region_shape_attributes,region_attributes
IMG_0207.jpg,1309024,"{""caption"":"""",""public_domain"":""no"",""image_url"":""""}",9,0,"{""name"":""polyline"",""all_points_x"":[2273,0,0,2273],""all_points_y"":[5039,5039,0,0]}","{""label"":""dimension""}"
IMG_0207.jpg,1309024,"{""caption"":"""",""public_domain"":""no"",""image_url"":""""}",9,1,"{""name"":""polyline"",""all_points_x"":[87,1700,1719,87],""all_points_y"":[1933,1816,1972,2088]}","{""label"":""item""}"
IMG_0207.jpg,1309024,"{""caption"":"""",""public_domain"":""no"",""image_url"":""""}",9,2,"{""name"":""polyline"",""all_points_x"":[1836,2050,2063,1846],""all_points_y"":[1826,1813,1917,1943]}","{""label"":""itemPrice""}"
IMG_0207.jpg,1309024,"{""caption"":"""",""public_domain"":""no"",""image_url"":""""}",9,3,"{""name"":""polyline"",""all_points_x"":[78,1311,1292,107],""all_points_y"":[2205,2098,2001,2079]}","{""label"":""item""}"
IMG_0207.jpg,1309024,"{""caption"":"""",""public_domain"":""no"",""image_url"":""""}",9,4,"{""name"":""polyline"",""all_points_x"":[1816,2118,2095,1846],""all_points_y"":[2079,2037,1933,1962]}","{""label"":""itemPrice""}"
IMG_0207.jpg,1309024,"{""caption"":"""",""public_domain"":""no"",""image_url"":""""}",9,5,"{""name"":""polyline"",""all_points_x"":[107,1642,1642,107],""all_points_y"":[2360,2254,2079,2195]}","{""label"":""item""}"
IMG_0207.jpg,1309024,"{""caption"":"""",""public_domain"":""no"",""image_url"":""""}",9,6,"{""name"":""polyline"",""all_points_x"":[1807,2079,2069,1816],""all_points_y"":[2224,2173,2046,2079]}","{""label"":""itemPrice""}"
IMG_0207.jpg,1309024,"{""caption"":"""",""public_domain"":""no"",""image_url"":""""}",9,7,"{""name"":""polyline"",""all_points_x"":[223,2254,2244,223],""all_points_y"":[2934,2759,2642,2807]}","{""label"":""total""}"
IMG_0207.jpg,1309024,"{""caption"":"""",""public_domain"":""no"",""image_url"":""""}",9,8,"{""name"":""polyline"",""all_points_x"":[804,1241,1228,804],""all_points_y"":[948,936,810,831]}","{""label"":""name""}"
IMG_0205.jpg,1712246,"{""caption"":"""",""public_domain"":""no"",""image_url"":""""}",17,0,"{""name"":""polyline"",""all_points_x"":[1345,0,0,1345],""all_points_y"":[6409,6409,0,0]}","{""label"":""dimension""}"
IMG_0205.jpg,1712246,"{""caption"":"""",""public_domain"":""no"",""image_url"":""""}",17,1,"{""name"":""polyline"",""all_points_x"":[111,707,712,111],""all_points_y"":[2427,2427,2365,2361]}","{""label"":""item""}"
IMG_0205.jpg,1712246,"{""caption"":"""",""public_domain"":""no"",""image_url"":""""}",17,2,"{""name"":""polyline"",""all_points_x"":[1070,1228,1222,1065],""all_points_y"":[2437,2431,2365,2369]}","{""label"":""itemPrice""}"
IMG_0205.jpg,1712246,"{""caption"":"""",""public_domain"":""no"",""image_url"":""""}",17,3,"{""name"":""polyline"",""all_points_x"":[102,737,740,93],""all_points_y"":[2539,2545,2428,2412]}","{""label"":""item""}"
IMG_0205.jpg,1712246,"{""caption"":"""",""public_domain"":""no"",""image_url"":""""}",17,4,"{""name"":""polyline"",""all_points_x"":[1080,1225,1228,1070],""all_points_y"":[2493,2502,2437,2440]}","{""label"":""itemPrice""}"
IMG_0205.jpg,1712246,"{""caption"":"""",""public_domain"":""no"",""image_url"":""""}",17,5,"{""name"":""polyline"",""all_points_x"":[89,725,725,93],""all_points_y"":[2721,2733,2668,2653]}","{""label"":""item""}"
IMG_0205.jpg,1712246,"{""caption"":"""",""public_domain"":""no"",""image_url"":""""}",17,6,"{""name"":""polyline"",""all_points_x"":[1083,1215,1212,1077],""all_points_y"":[2733,2733,2675,2678]}","{""label"":""itemPrice""}"
IMG_0205.jpg,1712246,"{""caption"":"""",""public_domain"":""no"",""image_url"":""""}",17,7,"{""name"":""polyline"",""all_points_x"":[89,728,728,96],""all_points_y"":[2776,2795,2730,2727]}","{""label"":""item""}"
IMG_0205.jpg,1712246,"{""caption"":"""",""public_domain"":""no"",""image_url"":""""}",17,8,"{""name"":""polyline"",""all_points_x"":[1092,1212,1212,1089],""all_points_y"":[2789,2798,2730,2733]}","{""label"":""itemPrice""}"
IMG_0205.jpg,1712246,"{""caption"":"""",""public_domain"":""no"",""image_url"":""""}",17,9,"{""name"":""polyline"",""all_points_x"":[86,484,487,89],""all_points_y"":[2841,2850,2783,2783]}","{""label"":""item""}"
IMG_0205.jpg,1712246,"{""caption"":"""",""public_domain"":""no"",""image_url"":""""}",17,10,"{""name"":""polyline"",""all_points_x"":[1092,1209,1219,1092],""all_points_y"":[2850,2860,2801,2792]}","{""label"":""itemPrice""}"
IMG_0205.jpg,1712246,"{""caption"":"""",""public_domain"":""no"",""image_url"":""""}",17,11,"{""name"":""polyline"",""all_points_x"":[83,669,663,77],""all_points_y"":[2897,2915,2850,2844]}","{""label"":""item""}"
IMG_0205.jpg,1712246,"{""caption"":"""",""public_domain"":""no"",""image_url"":""""}",17,12,"{""name"":""polyline"",""all_points_x"":[1083,1225,1219,1089],""all_points_y"":[2918,2918,2863,2857]}","{""label"":""itemPrice""}"
IMG_0205.jpg,1712246,"{""caption"":"""",""public_domain"":""no"",""image_url"":""""}",17,13,"{""name"":""polyline"",""all_points_x"":[77,694,700,697,83],""all_points_y"":[3085,3097,3026,3023,3017]}","{""label"":""item""}"
IMG_0205.jpg,1712246,"{""caption"":"""",""public_domain"":""no"",""image_url"":""""}",17,14,"{""name"":""polyline"",""all_points_x"":[1074,1225,1219,1077],""all_points_y"":[3110,3106,3042,3036]}","{""label"":""itemPrice""}"
IMG_0205.jpg,1712246,"{""caption"":"""",""public_domain"":""no"",""image_url"":""""}",17,15,"{""name"":""polyline"",""all_points_x"":[207,1215,1219,194],""all_points_y"":[3221,3233,3165,3147]}","{""label"":""total""}"
IMG_0205.jpg,1712246,"{""caption"":"""",""public_domain"":""no"",""image_url"":""""}",17,16,"{""name"":""polyline"",""all_points_x"":[299,1231,1226,292],""all_points_y"":[771,738,396,477]}","{""label"":""name""}"
IMG_0204.jpg,578435,"{""caption"":"""",""public_domain"":""no"",""image_url"":""""}",5,0,"{""name"":""polyline"",""all_points_x"":[1103,0,0,1103],""all_points_y"":[3708,3708,0,0]}","{""label"":""dimension""}"
IMG_0204.jpg,578435,"{""caption"":"""",""public_domain"":""no"",""image_url"":""""}",5,1,"{""name"":""polyline"",""all_points_x"":[41,999,1005,45],""all_points_y"":[1450,1388,1472,1529]}","{""label"":""item""}"
IMG_0204.jpg,578435,"{""caption"":"""",""public_domain"":""no"",""image_url"":""""}",5,2,"{""name"":""polyline"",""all_points_x"":[45,997,1003,54],""all_points_y"":[1549,1483,1554,1624]}","{""label"":""itemPrice""}"
IMG_0204.jpg,578435,"{""caption"":"""",""public_domain"":""no"",""image_url"":""""}",5,3,"{""name"":""polyline"",""all_points_x"":[41,1005,1008,54],""all_points_y"":[1635,1585,1656,1723]}","{""label"":""total""}"
IMG_0204.jpg,578435,"{""caption"":"""",""public_domain"":""no"",""image_url"":""""}",5,4,"{""name"":""polyline"",""all_points_x"":[70,868,861,67],""all_points_y"":[252,223,150,175]}","{""label"":""name""}"
IMG_0202.jpg,1811684,"{""caption"":"""",""public_domain"":""no"",""image_url"":""""}",5,0,"{""name"":""polyline"",""all_points_x"":[1496,0,0,1496],""all_points_y"":[6036,6036,0,0]}","{""label"":""dimension""}"
IMG_0202.jpg,1811684,"{""caption"":"""",""public_domain"":""no"",""image_url"":""""}",5,1,"{""name"":""polyline"",""all_points_x"":[72,681,670,55],""all_points_y"":[2444,2412,2343,2372]}","{""label"":""item""}"
IMG_0202.jpg,1811684,"{""caption"":"""",""public_domain"":""no"",""image_url"":""""}",5,2,"{""name"":""polyline"",""all_points_x"":[1035,1186,1163,1015],""all_points_y"":[2392,2380,2302,2325]}","{""label"":""itemPrice""}"
IMG_0202.jpg,1811684,"{""caption"":"""",""public_domain"":""no"",""image_url"":""""}",5,3,"{""name"":""polyline"",""all_points_x"":[188,1183,1168,188],""all_points_y"":[2569,2508,2435,2502]}","{""label"":""total""}"
IMG_0202.jpg,1811684,"{""caption"":"""",""public_domain"":""no"",""image_url"":""""}",5,4,"{""name"":""polyline"",""all_points_x"":[176,1116,1148,209],""all_points_y"":[612,670,366,283]}","{""label"":""name""}"
IMG_0200.jpg,1836589,"{""caption"":"""",""public_domain"":""no"",""image_url"":""""}",5,0,"{""name"":""polyline"",""all_points_x"":[1564,0,0,1564],""all_points_y"":[6194,6194,0,0]}","{""label"":""dimension""}"
IMG_0200.jpg,1836589,"{""caption"":"""",""public_domain"":""no"",""image_url"":""""}",5,1,"{""name"":""polyline"",""all_points_x"":[60,1447,1447,86],""all_points_y"":[255,310,93,38]}","{""label"":""name""}"
IMG_0200.jpg,1836589,"{""caption"":"""",""public_domain"":""no"",""image_url"":""""}",5,2,"{""name"":""polyline"",""all_points_x"":[68,899,903,68],""all_points_y"":[653,684,593,561]}","{""label"":""item""}"
IMG_0200.jpg,1836589,"{""caption"":"""",""public_domain"":""no"",""image_url"":""""}",5,3,"{""name"":""polyline"",""all_points_x"":[979,1166,1166,983],""all_points_y"":[677,677,597,609]}","{""label"":""itemPrice""}"
IMG_0200.jpg,1836589,"{""caption"":"""",""public_domain"":""no"",""image_url"":""""}",5,4,"{""name"":""polyline"",""all_points_x"":[283,1134,1138,279],""all_points_y"":[1027,1035,955,959]}","{""label"":""total""}"
IMG_0199.jpg,1179432,"{""caption"":"""",""public_domain"":""no"",""image_url"":""""}",11,0,"{""name"":""polyline"",""all_points_x"":[2159,0,0,2159],""all_points_y"":[5443,5443,0,0]}","{""label"":""dimension""}"
IMG_0199.jpg,1179432,"{""caption"":"""",""public_domain"":""no"",""image_url"":""""}",11,1,"{""name"":""polyline"",""all_points_x"":[252,1121,1114,259],""all_points_y"":[2515,2526,2445,2426]}","{""label"":""item""}"
IMG_0199.jpg,1179432,"{""caption"":"""",""public_domain"":""no"",""image_url"":""""}",11,2,"{""name"":""polyline"",""all_points_x"":[1559,1850,1852,1559],""all_points_y"":[2534,2542,2452,2445]}","{""label"":""itemPrice""}"
IMG_0199.jpg,1179432,"{""caption"":"""",""public_domain"":""no"",""image_url"":""""}",11,3,"{""name"":""polyline"",""all_points_x"":[259,757,749,254],""all_points_y"":[2599,2604,2523,2521]}","{""label"":""item""}"
IMG_0199.jpg,1179432,"{""caption"":"""",""public_domain"":""no"",""image_url"":""""}",11,4,"{""name"":""polyline"",""all_points_x"":[1606,1858,1852,1622],""all_points_y"":[2620,2620,2544,2531]}","{""label"":""itemPrice""}"
IMG_0199.jpg,1179432,"{""caption"":"""",""public_domain"":""no"",""image_url"":""""}",11,5,"{""name"":""polyline"",""all_points_x"":[252,1072,1064,259],""all_points_y"":[2688,2694,2612,2602]}","{""label"":""item""}"
IMG_0199.jpg,1179432,"{""caption"":"""",""public_domain"":""no"",""image_url"":""""}",11,6,"{""name"":""polyline"",""all_points_x"":[1617,1860,1855,1606],""all_points_y"":[2709,2699,2623,2623]}","{""label"":""itemPrice""}"
IMG_0199.jpg,1179432,"{""caption"":"""",""public_domain"":""no"",""image_url"":""""}",11,7,"{""name"":""polyline"",""all_points_x"":[249,1111,1114,249],""all_points_y"":[2783,2788,2688,2683]}","{""label"":""item""}"
IMG_0199.jpg,1179432,"{""caption"":"""",""public_domain"":""no"",""image_url"":""""}",11,8,"{""name"":""polyline"",""all_points_x"":[1627,1873,1863,1614],""all_points_y"":[2793,2801,2707,2707]}","{""label"":""itemPrice""}"
IMG_0199.jpg,1179432,"{""caption"":"""",""public_domain"":""no"",""image_url"":""""}",11,9,"{""name"":""polyline"",""all_points_x"":[343,1873,1868,343],""all_points_y"":[2950,2966,2872,2861]}","{""label"":""total""}"
IMG_0199.jpg,1179432,"{""caption"":"""",""public_domain"":""no"",""image_url"":""""}",11,10,"{""name"":""polyline"",""all_points_x"":[740,1631,1620,744],""all_points_y"":[2063,2088,1916,1895]}","{""label"":""name""}"
IMG_0198.jpg,1757099,"{""caption"":"""",""public_domain"":""no"",""image_url"":""""}",23,0,"{""name"":""polyline"",""all_points_x"":[1374,0,0,1374],""all_points_y"":[6054,6054,0,0]}","{""label"":""dimension""}"
IMG_0198.jpg,1757099,"{""caption"":"""",""public_domain"":""no"",""image_url"":""""}",23,1,"{""name"":""polyline"",""all_points_x"":[352,855,857,352],""all_points_y"":[1863,1963,1914,1819]}","{""label"":""item""}"
IMG_0198.jpg,1757099,"{""caption"":"""",""public_domain"":""no"",""image_url"":""""}",23,2,"{""name"":""polyline"",""all_points_x"":[1099,1251,1246,1109],""all_points_y"":[2003,2007,1966,1956]}","{""label"":""itemPrice""}"
IMG_0198.jpg,1757099,"{""caption"":"""",""public_domain"":""no"",""image_url"":""""}",23,3,"{""name"":""polyline"",""all_points_x"":[356,855,857,352],""all_points_y"":[1947,2045,1966,1863]}","{""label"":""item""}"
IMG_0198.jpg,1757099,"{""caption"":"""",""public_domain"":""no"",""image_url"":""""}",23,4,"{""name"":""polyline"",""all_points_x"":[1104,1246,1251,1106],""all_points_y"":[2056,2063,2010,2005]}","{""label"":""itemPrice""}"
IMG_0198.jpg,1757099,"{""caption"":"""",""public_domain"":""no"",""image_url"":""""}",23,5,"{""name"":""polyline"",""all_points_x"":[356,855,857,356],""all_points_y"":[1998,2091,2038,1947]}","{""label"":""item""}"
IMG_0198.jpg,1757099,"{""caption"":"""",""public_domain"":""no"",""image_url"":""""}",23,6,"{""name"":""polyline"",""all_points_x"":[1129,1227,1234,1139],""all_points_y"":[2136,2156,2119,2098]}","{""label"":""itemPrice""}"
IMG_0198.jpg,1757099,"{""caption"":"""",""public_domain"":""no"",""image_url"":""""}",23,7,"{""name"":""polyline"",""all_points_x"":[347,855,855,352],""all_points_y"":[2047,2124,2094,1993]}","{""label"":""item""}"
IMG_0198.jpg,1757099,"{""caption"":"""",""public_domain"":""no"",""image_url"":""""}",23,8,"{""name"":""polyline"",""all_points_x"":[1125,1232,1232,1129],""all_points_y"":[2175,2203,2154,2138]}","{""label"":""itemPrice""}"
IMG_0198.jpg,1757099,"{""caption"":"""",""public_domain"":""no"",""image_url"":""""}",23,9,"{""name"":""polyline"",""all_points_x"":[333,857,850,349],""all_points_y"":[2147,2203,2129,2049]}","{""label"":""item""}"
IMG_0198.jpg,1757099,"{""caption"":"""",""public_domain"":""no"",""image_url"":""""}",23,10,"{""name"":""polyline"",""all_points_x"":[1111,1237,1232,1122],""all_points_y"":[2224,2252,2198,2170]}","{""label"":""itemPrice""}"
IMG_0198.jpg,1757099,"{""caption"":"""",""public_domain"":""no"",""image_url"":""""}",23,11,"{""name"":""polyline"",""all_points_x"":[333,789,789,333],""all_points_y"":[2198,2250,2191,2149]}","{""label"":""item""}"
IMG_0198.jpg,1757099,"{""caption"":"""",""public_domain"":""no"",""image_url"":""""}",23,12,"{""name"":""polyline"",""all_points_x"":[1141,1251,1251,1143],""all_points_y"":[2306,2322,2275,2264]}","{""label"":""itemPrice""}"
IMG_0198.jpg,1757099,"{""caption"":"""",""public_domain"":""no"",""image_url"":""""}",23,13,"{""name"":""polyline"",""all_points_x"":[335,864,864,335],""all_points_y"":[2238,2299,2254,2191]}","{""label"":""item""}"
IMG_0198.jpg,1757099,"{""caption"":"""",""public_domain"":""no"",""image_url"":""""}",23,14,"{""name"":""polyline"",""all_points_x"":[1141,1251,1251,1148],""all_points_y"":[2352,2371,2319,2303]}","{""label"":""itemPrice""}"
IMG_0198.jpg,1757099,"{""caption"":"""",""public_domain"":""no"",""image_url"":""""}",23,15,"{""name"":""polyline"",""all_points_x"":[387,720,736,394],""all_points_y"":[2294,2336,2287,2247]}","{""label"":""item""}"
IMG_0198.jpg,1757099,"{""caption"":"""",""public_domain"":""no"",""image_url"":""""}",23,16,"{""name"":""polyline"",""all_points_x"":[1143,1251,1246,1141],""all_points_y"":[2401,2417,2371,2347]}","{""label"":""itemPrice""}"
IMG_0198.jpg,1757099,"{""caption"":"""",""public_domain"":""no"",""image_url"":""""}",23,17,"{""name"":""polyline"",""all_points_x"":[317,680,687,321],""all_points_y"":[2434,2485,2434,2387]}","{""label"":""item""}"
IMG_0198.jpg,1757099,"{""caption"":"""",""public_domain"":""no"",""image_url"":""""}",23,18,"{""name"":""polyline"",""all_points_x"":[1118,1218,1227,1129],""all_points_y"":[2552,2569,2520,2508]}","{""label"":""itemPrice""}"
IMG_0198.jpg,1757099,"{""caption"":"""",""public_domain"":""no"",""image_url"":""""}",23,19,"{""name"":""polyline"",""all_points_x"":[307,827,829,314],""all_points_y"":[2483,2557,2506,2436]}","{""label"":""item""}"
IMG_0198.jpg,1757099,"{""caption"":"""",""public_domain"":""no"",""image_url"":""""}",23,20,"{""name"":""polyline"",""all_points_x"":[1113,1218,1216,1116],""all_points_y"":[2601,2618,2566,2559]}","{""label"":""itemPrice""}"
IMG_0198.jpg,1757099,"{""caption"":"""",""public_domain"":""no"",""image_url"":""""}",23,21,"{""name"":""polyline"",""all_points_x"":[368,1197,1213,382],""all_points_y"":[2774,2888,2827,2715]}","{""label"":""total""}"
IMG_0198.jpg,1757099,"{""caption"":"""",""public_domain"":""no"",""image_url"":""""}",23,22,"{""name"":""polyline"",""all_points_x"":[562,1328,1360,603],""all_points_y"":[598,668,453,376]}","{""label"":""name""}"
IMG_0197.jpg,1599448,"{""caption"":"""",""public_domain"":""no"",""image_url"":""""}",21,0,"{""name"":""polyline"",""all_points_x"":[2414,0,0,2414],""all_points_y"":[6320,6320,0,0]}","{""label"":""dimension""}"
IMG_0197.jpg,1599448,"{""caption"":"""",""public_domain"":""no"",""image_url"":""""}",21,1,"{""name"":""polyline"",""all_points_x"":[146,636,632,144],""all_points_y"":[2353,2365,2309,2297]}","{""label"":""item""}"
IMG_0197.jpg,1599448,"{""caption"":"""",""public_domain"":""no"",""image_url"":""""}",21,2,"{""name"":""polyline"",""all_points_x"":[1246,1392,1387,1241],""all_points_y"":[2370,2353,2297,2302]}","{""label"":""itemPrice""}"
IMG_0197.jpg,1599448,"{""caption"":"""",""public_domain"":""no"",""image_url"":""""}",21,3,"{""name"":""polyline"",""all_points_x"":[139,773,771,139],""all_points_y"":[2560,2568,2487,2487]}","{""label"":""item""}"
IMG_0197.jpg,1599448,"{""caption"":"""",""public_domain"":""no"",""image_url"":""""}",21,4,"{""name"":""polyline"",""all_points_x"":[1241,1383,1390,1244],""all_points_y"":[2551,2546,2482,2490]}","{""label"":""itemPrice""}"
IMG_0197.jpg,1599448,"{""caption"":"""",""public_domain"":""no"",""image_url"":""""}",21,5,"{""name"":""polyline"",""all_points_x"":[212,663,661,205],""all_points_y"":[2619,2619,2560,2563]}","{""label"":""item""}"
IMG_0197.jpg,1599448,"{""caption"":"""",""public_domain"":""no"",""image_url"":""""}",21,6,"{""name"":""polyline"",""all_points_x"":[1244,1383,1380,1246],""all_points_y"":[2609,2609,2541,2551]}","{""label"":""itemPrice""}"
IMG_0197.jpg,1599448,"{""caption"":"""",""public_domain"":""no"",""image_url"":""""}",21,7,"{""name"":""polyline"",""all_points_x"":[134,666,658,134],""all_points_y"":[2687,2694,2624,2619]}","{""label"":""item""}"
IMG_0197.jpg,1599448,"{""caption"":"""",""public_domain"":""no"",""image_url"":""""}",21,8,"{""name"":""polyline"",""all_points_x"":[1234,1383,1387,1244],""all_points_y"":[2677,2675,2604,2609]}","{""label"":""itemPrice""}"
IMG_0197.jpg,1599448,"{""caption"":"""",""public_domain"":""no"",""image_url"":""""}",21,9,"{""name"":""polyline"",""all_points_x"":[132,551,554,129],""all_points_y"":[2748,2755,2687,2692]}","{""label"":""item""}"
IMG_0197.jpg,1599448,"{""caption"":"""",""public_domain"":""no"",""image_url"":""""}",21,10,"{""name"":""polyline"",""all_points_x"":[1234,1383,1390,1227],""all_points_y"":[2741,2741,2672,2680]}","{""label"":""itemPrice""}"
IMG_0197.jpg,1599448,"{""caption"":"""",""public_domain"":""no"",""image_url"":""""}",21,11,"{""name"":""polyline"",""all_points_x"":[122,753,758,124],""all_points_y"":[2948,2953,2892,2882]}","{""label"":""item""}"
IMG_0197.jpg,1599448,"{""caption"":"""",""public_domain"":""no"",""image_url"":""""}",21,12,"{""name"":""polyline"",""all_points_x"":[1239,1387,1387,1241],""all_points_y"":[2938,2931,2872,2877]}","{""label"":""itemPrice""}"
IMG_0197.jpg,1599448,"{""caption"":"""",""public_domain"":""no"",""image_url"":""""}",21,13,"{""name"":""polyline"",""all_points_x"":[107,819,822,112],""all_points_y"":[3150,3148,3077,3082]}","{""label"":""item""}"
IMG_0197.jpg,1599448,"{""caption"":"""",""public_domain"":""no"",""image_url"":""""}",21,14,"{""name"":""polyline"",""all_points_x"":[1227,1383,1387,1236],""all_points_y"":[3141,3138,3072,3077]}","{""label"":""itemPrice""}"
IMG_0197.jpg,1599448,"{""caption"":"""",""public_domain"":""no"",""image_url"":""""}",21,15,"{""name"":""polyline"",""all_points_x"":[100,792,783,95],""all_points_y"":[3428,3419,3267,3287]}","{""label"":""item""}"
IMG_0197.jpg,1599448,"{""caption"":"""",""public_domain"":""no"",""image_url"":""""}",21,16,"{""name"":""polyline"",""all_points_x"":[1239,1397,1390,1241],""all_points_y"":[3355,3345,3272,3282]}","{""label"":""itemPrice""}"
IMG_0197.jpg,1599448,"{""caption"":"""",""public_domain"":""no"",""image_url"":""""}",21,17,"{""name"":""polyline"",""all_points_x"":[215,1402,1397,222],""all_points_y"":[3792,3789,3716,3721]}","{""label"":""total""}"
IMG_0197.jpg,1599448,"{""caption"":"""",""public_domain"":""no"",""image_url"":""""}",21,18,"{""name"":""polyline"",""all_points_x"":[407,1356,1356,427],""all_points_y"":[678,693,483,441]}","{""label"":""name""}"
IMG_0197.jpg,1599448,"{""caption"":"""",""public_domain"":""no"",""image_url"":""""}",21,19,"{""name"":""polyline"",""all_points_x"":[139,805,800,144],""all_points_y"":[2290,2316,2241,2234]}","{""label"":""item""}"
IMG_0197.jpg,1599448,"{""caption"":"""",""public_domain"":""no"",""image_url"":""""}",21,20,"{""name"":""polyline"",""all_points_x"":[1231,1397,1387,1241],""all_points_y"":[2307,2292,2226,2234]}","{""label"":""itemPrice""}"
IMG_0194.jpg,1959559,"{""caption"":"""",""public_domain"":""no"",""image_url"":""""}",13,0,"{""name"":""polyline"",""all_points_x"":[1753,0,0,1753],""all_points_y"":[6294,6294,0,0]}","{""label"":""dimension""}"
IMG_0194.jpg,1959559,"{""caption"":"""",""public_domain"":""no"",""image_url"":""""}",13,1,"{""name"":""polyline"",""all_points_x"":[25,1087,1074,28],""all_points_y"":[1287,1222,1124,1222]}","{""label"":""item""}"
IMG_0194.jpg,1959559,"{""caption"":"""",""public_domain"":""no"",""image_url"":""""}",13,2,"{""name"":""polyline"",""all_points_x"":[1052,1227,1222,1049],""all_points_y"":[1300,1300,1232,1227]}","{""label"":""itemPrice""}"
IMG_0194.jpg,1959559,"{""caption"":"""",""public_domain"":""no"",""image_url"":""""}",13,3,"{""name"":""polyline"",""all_points_x"":[48,1355,1352,58],""all_points_y"":[571,521,751,804]}","{""label"":""name""}"
IMG_0194.jpg,1959559,"{""caption"":"""",""public_domain"":""no"",""image_url"":""""}",13,4,"{""name"":""polyline"",""all_points_x"":[29,1088,1088,29],""all_points_y"":[1470,1412,1323,1400]}","{""label"":""item""}"
IMG_0194.jpg,1959559,"{""caption"":"""",""public_domain"":""no"",""image_url"":""""}",13,5,"{""name"":""polyline"",""all_points_x"":[1071,1221,1226,1069],""all_points_y"":[1475,1494,1422,1414]}","{""label"":""itemPrice""}"
IMG_0194.jpg,1959559,"{""caption"":"""",""public_domain"":""no"",""image_url"":""""}",13,6,"{""name"":""polyline"",""all_points_x"":[39,844,834,29],""all_points_y"":[1656,1589,1518,1586]}","{""label"":""item""}"
IMG_0194.jpg,1959559,"{""caption"":"""",""public_domain"":""no"",""image_url"":""""}",13,7,"{""name"":""polyline"",""all_points_x"":[1103,1236,1231,1095],""all_points_y"":[1680,1688,1606,1601]}","{""label"":""itemPrice""}"
IMG_0194.jpg,1959559,"{""caption"":"""",""public_domain"":""no"",""image_url"":""""}",13,8,"{""name"":""polyline"",""all_points_x"":[29,1071,1071,39],""all_points_y"":[1850,1806,1707,1751]}","{""label"":""item""}"
IMG_0194.jpg,1959559,"{""caption"":"""",""public_domain"":""no"",""image_url"":""""}",13,9,"{""name"":""polyline"",""all_points_x"":[1086,1255,1250,1081],""all_points_y"":[1879,1876,1797,1804]}","{""label"":""itemPrice""}"
IMG_0194.jpg,1959559,"{""caption"":"""",""public_domain"":""no"",""image_url"":""""}",13,10,"{""name"":""polyline"",""all_points_x"":[31,583,575,22],""all_points_y"":[2031,1990,1905,1963]}","{""label"":""item""}"
IMG_0194.jpg,1959559,"{""caption"":"""",""public_domain"":""no"",""image_url"":""""}",13,11,"{""name"":""polyline"",""all_points_x"":[1117,1250,1250,1105],""all_points_y"":[2012,2000,1920,1939]}","{""label"":""itemPrice""}"
IMG_0194.jpg,1959559,"{""caption"":"""",""public_domain"":""no"",""image_url"":""""}",13,12,"{""name"":""polyline"",""all_points_x"":[186,1279,1269,186],""all_points_y"":[2338,2321,2246,2270]}","{""label"":""total""}"
IMG_0193.jpg,1475410,"{""caption"":"""",""public_domain"":""no"",""image_url"":""""}",35,0,"{""name"":""polyline"",""all_points_x"":[1145,0,0,1145],""all_points_y"":[6404,6404,0,0]}","{""label"":""dimension""}"
IMG_0193.jpg,1475410,"{""caption"":"""",""public_domain"":""no"",""image_url"":""""}",35,1,"{""name"":""polyline"",""all_points_x"":[199,995,1000,207],""all_points_y"":[655,650,433,463]}","{""label"":""name""}"
IMG_0193.jpg,1475410,"{""caption"":"""",""public_domain"":""no"",""image_url"":""""}",35,2,"{""name"":""polyline"",""all_points_x"":[27,401,392,22],""all_points_y"":[2068,2059,1997,2014]}","{""label"":""item""}"
IMG_0193.jpg,1475410,"{""caption"":"""",""public_domain"":""no"",""image_url"":""""}",35,3,"{""name"":""polyline"",""all_points_x"":[904,1034,1024,909],""all_points_y"":[2061,2046,1995,2004]}","{""label"":""itemPrice""}"
IMG_0193.jpg,1475410,"{""caption"":"""",""public_domain"":""no"",""image_url"":""""}",35,4,"{""name"":""polyline"",""all_points_x"":[28,282,274,26],""all_points_y"":[2119,2110,2062,2070]}","{""label"":""name""}"
IMG_0193.jpg,1475410,"{""caption"":"""",""public_domain"":""no"",""image_url"":""""}",35,5,"{""name"":""polyline"",""all_points_x"":[906,1030,1023,906],""all_points_y"":[2111,2102,2051,2061]}","{""label"":""itemPrice""}"
IMG_0193.jpg,1475410,"{""caption"":"""",""public_domain"":""no"",""image_url"":""""}",35,6,"{""name"":""polyline"",""all_points_x"":[23,420,417,26],""all_points_y"":[2176,2164,2110,2119]}","{""label"":""item""}"
IMG_0193.jpg,1475410,"{""caption"":"""",""public_domain"":""no"",""image_url"":""""}",35,7,"{""name"":""polyline"",""all_points_x"":[917,1030,1028,913],""all_points_y"":[2164,2158,2104,2110]}","{""label"":""itemPrice""}"
IMG_0193.jpg,1475410,"{""caption"":"""",""public_domain"":""no"",""image_url"":""""}",35,8,"{""name"":""polyline"",""all_points_x"":[25,534,531,23],""all_points_y"":[2225,2216,2162,2181]}","{""label"":""item""}"
IMG_0193.jpg,1475410,"{""caption"":"""",""public_domain"":""no"",""image_url"":""""}",35,9,"{""name"":""polyline"",""all_points_x"":[913,1025,1023,922],""all_points_y"":[2213,2212,2158,2165]}","{""label"":""itemPrice""}"
IMG_0193.jpg,1475410,"{""caption"":"""",""public_domain"":""no"",""image_url"":""""}",35,10,"{""name"":""polyline"",""all_points_x"":[29,593,589,20],""all_points_y"":[2336,2327,2213,2227]}","{""label"":""item""}"
IMG_0193.jpg,1475410,"{""caption"":"""",""public_domain"":""no"",""image_url"":""""}",35,11,"{""name"":""polyline"",""all_points_x"":[916,1023,1025,913],""all_points_y"":[2273,2272,2213,2213]}","{""label"":""itemPrice""}"
IMG_0193.jpg,1475410,"{""caption"":"""",""public_domain"":""no"",""image_url"":""""}",35,12,"{""name"":""polyline"",""all_points_x"":[14,810,808,15],""all_points_y"":[2447,2438,2330,2335]}","{""label"":""item""}"
IMG_0193.jpg,1475410,"{""caption"":"""",""public_domain"":""no"",""image_url"":""""}",35,13,"{""name"":""polyline"",""all_points_x"":[913,1028,1026,916],""all_points_y"":[2378,2379,2325,2325]}","{""label"":""itemPrice""}"
IMG_0193.jpg,1475410,"{""caption"":"""",""public_domain"":""no"",""image_url"":""""}",35,14,"{""name"":""polyline"",""all_points_x"":[29,445,448,28],""all_points_y"":[2607,2595,2541,2555]}","{""label"":""item""}"
IMG_0193.jpg,1475410,"{""caption"":"""",""public_domain"":""no"",""image_url"":""""}",35,15,"{""name"":""polyline"",""all_points_x"":[917,1030,1033,913],""all_points_y"":[2601,2596,2538,2539]}","{""label"":""itemPrice""}"
IMG_0193.jpg,1475410,"{""caption"":"""",""public_domain"":""no"",""image_url"":""""}",35,16,"{""name"":""polyline"",""all_points_x"":[38,591,583,29],""all_points_y"":[2721,2701,2592,2612]}","{""label"":""item""}"
IMG_0193.jpg,1475410,"{""caption"":"""",""public_domain"":""no"",""image_url"":""""}",35,17,"{""name"":""polyline"",""all_points_x"":[919,1033,1031,920],""all_points_y"":[2653,2653,2596,2602]}","{""label"":""itemPrice""}"
IMG_0193.jpg,1475410,"{""caption"":"""",""public_domain"":""no"",""image_url"":""""}",35,18,"{""name"":""polyline"",""all_points_x"":[28,563,562,37],""all_points_y"":[2832,2822,2704,2722]}","{""label"":""item""}"
IMG_0193.jpg,1475410,"{""caption"":"""",""public_domain"":""no"",""image_url"":""""}",35,19,"{""name"":""polyline"",""all_points_x"":[916,1034,1033,916],""all_points_y"":[2767,2767,2707,2704]}","{""label"":""itemPrice""}"
IMG_0193.jpg,1475410,"{""caption"":"""",""public_domain"":""no"",""image_url"":""""}",35,20,"{""name"":""polyline"",""all_points_x"":[89,432,431,88],""all_points_y"":[2943,2939,2826,2830]}","{""label"":""item""}"
IMG_0193.jpg,1475410,"{""caption"":"""",""public_domain"":""no"",""image_url"":""""}",35,21,"{""name"":""polyline"",""all_points_x"":[916,1028,1030,919],""all_points_y"":[2878,2873,2810,2813]}","{""label"":""itemPrice""}"
IMG_0193.jpg,1475410,"{""caption"":"""",""public_domain"":""no"",""image_url"":""""}",35,22,"{""name"":""polyline"",""all_points_x"":[48,606,593,42],""all_points_y"":[3161,3150,3035,3044]}","{""label"":""item""}"
IMG_0193.jpg,1475410,"{""caption"":"""",""public_domain"":""no"",""image_url"":""""}",35,23,"{""name"":""polyline"",""all_points_x"":[916,1017,1011,916],""all_points_y"":[3090,3081,3023,3032]}","{""label"":""itemPrice""}"
IMG_0193.jpg,1475410,"{""caption"":"""",""public_domain"":""no"",""image_url"":""""}",35,24,"{""name"":""polyline"",""all_points_x"":[117,459,457,103],""all_points_y"":[3264,3261,3152,3158]}","{""label"":""item""}"
IMG_0193.jpg,1475410,"{""caption"":"""",""public_domain"":""no"",""image_url"":""""}",35,25,"{""name"":""polyline"",""all_points_x"":[900,1019,1011,902],""all_points_y"":[3193,3189,3121,3135]}","{""label"":""itemPrice""}"
IMG_0193.jpg,1475410,"{""caption"":"""",""public_domain"":""no"",""image_url"":""""}",35,26,"{""name"":""polyline"",""all_points_x"":[45,546,537,48],""all_points_y"":[3429,3421,3364,3367]}","{""label"":""item""}"
IMG_0193.jpg,1475410,"{""caption"":"""",""public_domain"":""no"",""image_url"":""""}",35,27,"{""name"":""polyline"",""all_points_x"":[899,1019,1017,899],""all_points_y"":[3409,3404,3355,3353]}","{""label"":""itemPrice""}"
IMG_0193.jpg,1475410,"{""caption"":"""",""public_domain"":""no"",""image_url"":""""}",35,28,"{""name"":""polyline"",""all_points_x"":[51,596,597,43,45],""all_points_y"":[3586,3578,3524,3533,3533]}","{""label"":""item""}"
IMG_0193.jpg,1475410,"{""caption"":"""",""public_domain"":""no"",""image_url"":""""}",35,29,"{""name"":""polyline"",""all_points_x"":[897,1017,1023,910],""all_points_y"":[3570,3567,3512,3518]}","{""label"":""itemPrice""}"
IMG_0193.jpg,1475410,"{""caption"":"""",""public_domain"":""no"",""image_url"":""""}",35,30,"{""name"":""polyline"",""all_points_x"":[43,599,600,43],""all_points_y"":[3814,3798,3690,3698]}","{""label"":""item""}"
IMG_0193.jpg,1475410,"{""caption"":"""",""public_domain"":""no"",""image_url"":""""}",35,31,"{""name"":""polyline"",""all_points_x"":[876,1020,1016,876],""all_points_y"":[3740,3730,3672,3684]}","{""label"":""itemPrice""}"
IMG_0193.jpg,1475410,"{""caption"":"""",""public_domain"":""no"",""image_url"":""""}",35,32,"{""name"":""polyline"",""all_points_x"":[57,583,583,45],""all_points_y"":[4032,4020,3901,3918]}","{""label"":""item""}"
IMG_0193.jpg,1475410,"{""caption"":"""",""public_domain"":""no"",""image_url"":""""}",35,33,"{""name"":""polyline"",""all_points_x"":[905,1026,1030,919],""all_points_y"":[3958,3961,3903,3904]}","{""label"":""itemPrice""}"
IMG_0193.jpg,1475410,"{""caption"":"""",""public_domain"":""no"",""image_url"":""""}",35,34,"{""name"":""polyline"",""all_points_x"":[152,1048,1043,155],""all_points_y"":[4320,4303,4252,4265]}","{""label"":""total""}"
IMG_0192.jpg,2302071,"{""caption"":"""",""public_domain"":""no"",""image_url"":""""}",35,0,"{""name"":""polyline"",""all_points_x"":[3188,0,0,3188],""all_points_y"":[4416,4416,0,0]}","{""label"":""dimension""}"
IMG_0192.jpg,2302071,"{""caption"":"""",""public_domain"":""no"",""image_url"":""""}",35,1,"{""name"":""polyline"",""all_points_x"":[368,2930,2958,436],""all_points_y"":[261,204,0,23]}","{""label"":""name""}"
IMG_0192.jpg,2302071,"{""caption"":"""",""public_domain"":""no"",""image_url"":""""}",35,2,"{""name"":""polyline"",""all_points_x"":[238,2108,2104,247],""all_points_y"":[1071,1029,935,986]}","{""label"":""item""}"
IMG_0192.jpg,2302071,"{""caption"":"""",""public_domain"":""no"",""image_url"":""""}",35,3,"{""name"":""polyline"",""all_points_x"":[2827,3043,3031,2835],""all_points_y"":[1033,1029,918,918]}","{""label"":""itemPrice""}"
IMG_0192.jpg,2302071,"{""caption"":"""",""public_domain"":""no"",""image_url"":""""}",35,4,"{""name"":""polyline"",""all_points_x"":[234,2117,2091,242],""all_points_y"":[1169,1139,1037,1071]}","{""label"":""item""}"
IMG_0192.jpg,2302071,"{""caption"":"""",""public_domain"":""no"",""image_url"":""""}",35,5,"{""name"":""polyline"",""all_points_x"":[2839,3043,3035,2831],""all_points_y"":[1122,1131,1020,1037]}","{""label"":""itemPrice""}"
IMG_0192.jpg,2302071,"{""caption"":"""",""public_domain"":""no"",""image_url"":""""}",35,6,"{""name"":""polyline"",""all_points_x"":[225,2121,2113,234],""all_points_y"":[1284,1241,1135,1169]}","{""label"":""item""}"
IMG_0192.jpg,2302071,"{""caption"":"""",""public_domain"":""no"",""image_url"":""""}",35,7,"{""name"":""polyline"",""all_points_x"":[2839,3048,3035,2835],""all_points_y"":[1237,1233,1122,1139]}","{""label"":""itemPrice""}"
IMG_0192.jpg,2302071,"{""caption"":"""",""public_domain"":""no"",""image_url"":""""}",35,8,"{""name"":""polyline"",""all_points_x"":[213,2121,2121,221],""all_points_y"":[1369,1343,1250,1284]}","{""label"":""item""}"
IMG_0192.jpg,2302071,"{""caption"":"""",""public_domain"":""no"",""image_url"":""""}",35,9,"{""name"":""polyline"",""all_points_x"":[2852,3048,3048,2835],""all_points_y"":[1343,1339,1233,1233]}","{""label"":""itemPrice""}"
IMG_0192.jpg,2302071,"{""caption"":"""",""public_domain"":""no"",""image_url"":""""}",35,10,"{""name"":""polyline"",""all_points_x"":[191,2113,2113,200],""all_points_y"":[1488,1454,1356,1386]}","{""label"":""item""}"
IMG_0192.jpg,2302071,"{""caption"":"""",""public_domain"":""no"",""image_url"":""""}",35,11,"{""name"":""polyline"",""all_points_x"":[2852,3056,3052,2852],""all_points_y"":[1445,1454,1335,1343]}","{""label"":""itemPrice""}"
IMG_0192.jpg,2302071,"{""caption"":"""",""public_domain"":""no"",""image_url"":""""}",35,12,"{""name"":""polyline"",""all_points_x"":[187,2104,2108,200],""all_points_y"":[1585,1564,1454,1488]}","{""label"":""item""}"
IMG_0192.jpg,2302071,"{""caption"":"""",""public_domain"":""no"",""image_url"":""""}",35,13,"{""name"":""polyline"",""all_points_x"":[2852,3065,3052,2856],""all_points_y"":[1551,1551,1454,1454]}","{""label"":""itemPrice""}"
IMG_0192.jpg,2302071,"{""caption"":"""",""public_domain"":""no"",""image_url"":""""}",35,14,"{""name"":""polyline"",""all_points_x"":[191,2104,2104,183],""all_points_y"":[1692,1683,1556,1590]}","{""label"":""item""}"
IMG_0192.jpg,2302071,"{""caption"":"""",""public_domain"":""no"",""image_url"":""""}",35,15,"{""name"":""polyline"",""all_points_x"":[2869,3082,3065,2865],""all_points_y"":[1675,1658,1539,1556]}","{""label"":""itemPrice""}"
IMG_0192.jpg,2302071,"{""caption"":"""",""public_domain"":""no"",""image_url"":""""}",35,16,"{""name"":""polyline"",""all_points_x"":[174,183,2108,2096,179],""all_points_y"":[1802,1798,1768,1683,1700]}","{""label"":""item""}"
IMG_0192.jpg,2302071,"{""caption"":"""",""public_domain"":""no"",""image_url"":""""}",35,17,"{""name"":""polyline"",""all_points_x"":[2878,3073,3069,2865],""all_points_y"":[1768,1768,1649,1666]}","{""label"":""itemPrice""}"
IMG_0192.jpg,2302071,"{""caption"":"""",""public_domain"":""no"",""image_url"":""""}",35,18,"{""name"":""polyline"",""all_points_x"":[174,2113,2108,179],""all_points_y"":[1904,1892,1768,1794]}","{""label"":""item""}"
IMG_0192.jpg,2302071,"{""caption"":"""",""public_domain"":""no"",""image_url"":""""}",35,19,"{""name"":""polyline"",""all_points_x"":[2869,3077,3065,2873],""all_points_y"":[1887,1879,1768,1781]}","{""label"":""itemPrice""}"
IMG_0192.jpg,2302071,"{""caption"":"""",""public_domain"":""no"",""image_url"":""""}",35,20,"{""name"":""polyline"",""all_points_x"":[166,2117,2108,179],""all_points_y"":[2015,2006,1892,1900]}","{""label"":""item""}"
IMG_0192.jpg,2302071,"{""caption"":"""",""public_domain"":""no"",""image_url"":""""}",35,21,"{""name"":""polyline"",""all_points_x"":[2882,3086,3077,2878],""all_points_y"":[2006,1998,1879,1896]}","{""label"":""itemPrice""}"
IMG_0192.jpg,2302071,"{""caption"":"""",""public_domain"":""no"",""image_url"":""""}",35,22,"{""name"":""polyline"",""all_points_x"":[149,2117,2113,166],""all_points_y"":[2121,2117,2015,2032]}","{""label"":""item""}"
IMG_0192.jpg,2302071,"{""caption"":"""",""public_domain"":""no"",""image_url"":""""}",35,23,"{""name"":""polyline"",""all_points_x"":[2878,3086,3086,2890],""all_points_y"":[2104,2108,1998,2006]}","{""label"":""itemPrice""}"
IMG_0192.jpg,2302071,"{""caption"":"""",""public_domain"":""no"",""image_url"":""""}",35,24,"{""name"":""polyline"",""all_points_x"":[140,2113,2113,162,149],""all_points_y"":[2236,2227,2121,2125,2125]}","{""label"":""item""}"
IMG_0192.jpg,2302071,"{""caption"":"""",""public_domain"":""no"",""image_url"":""""}",35,25,"{""name"":""polyline"",""all_points_x"":[2895,3099,3086,2895],""all_points_y"":[2223,2219,2108,2108]}","{""label"":""itemPrice""}"
IMG_0192.jpg,2302071,"{""caption"":"""",""public_domain"":""no"",""image_url"":""""}",35,26,"{""name"":""polyline"",""all_points_x"":[115,2113,2113,149],""all_points_y"":[2355,2329,2236,2232]}","{""label"":""item""}"
IMG_0192.jpg,2302071,"{""caption"":"""",""public_domain"":""no"",""image_url"":""""}",35,27,"{""name"":""polyline"",""all_points_x"":[2903,3099,3094,2886],""all_points_y"":[2342,2334,2219,2227]}","{""label"":""itemPrice""}"
IMG_0192.jpg,2302071,"{""caption"":"""",""public_domain"":""no"",""image_url"":""""}",35,28,"{""name"":""polyline"",""all_points_x"":[123,2117,2113,128],""all_points_y"":[2457,2453,2338,2351]}","{""label"":""item""}"
IMG_0192.jpg,2302071,"{""caption"":"""",""public_domain"":""no"",""image_url"":""""}",35,29,"{""name"":""polyline"",""all_points_x"":[2895,3111,3099,2903],""all_points_y"":[2457,2448,2338,2342]}","{""label"":""itemPrice""}"
IMG_0192.jpg,2302071,"{""caption"":"""",""public_domain"":""no"",""image_url"":""""}",35,30,"{""name"":""polyline"",""all_points_x"":[102,2121,2113,119],""all_points_y"":[2576,2576,2448,2461]}","{""label"":""item""}"
IMG_0192.jpg,2302071,"{""caption"":"""",""public_domain"":""no"",""image_url"":""""}",35,31,"{""name"":""polyline"",""all_points_x"":[2899,3116,3107,2895],""all_points_y"":[2576,2572,2453,2461]}","{""label"":""itemPrice""}"
IMG_0192.jpg,2302071,"{""caption"":"""",""public_domain"":""no"",""image_url"":""""}",35,32,"{""name"":""polyline"",""all_points_x"":[98,2125,2125,94],""all_points_y"":[2703,2703,2580,2580]}","{""label"":""item""}"
IMG_0192.jpg,2302071,"{""caption"":"""",""public_domain"":""no"",""image_url"":""""}",35,33,"{""name"":""polyline"",""all_points_x"":[2895,3124,3116,2895],""all_points_y"":[2686,2699,2572,2576]}","{""label"":""itemPrice""}"
IMG_0192.jpg,2302071,"{""caption"":"""",""public_domain"":""no"",""image_url"":""""}",35,34,"{""name"":""polyline"",""all_points_x"":[1360,3001,2988,1347],""all_points_y"":[3239,3231,3103,3107]}","{""label"":""total""}"
IMG_0191.jpg,1658852,"{""caption"":"""",""public_domain"":""no"",""image_url"":""""}",17,0,"{""name"":""polyline"",""all_points_x"":[2312,0,0,2312],""all_points_y"":[5551,5551,0,0]}","{""label"":""dimension""}"
IMG_0191.jpg,1658852,"{""caption"":"""",""public_domain"":""no"",""image_url"":""""}",17,1,"{""name"":""polyline"",""all_points_x"":[319,1905,1897,308],""all_points_y"":[595,517,51,110]}","{""label"":""name""}"
IMG_0191.jpg,1658852,"{""caption"":"""",""public_domain"":""no"",""image_url"":""""}",17,2,"{""name"":""polyline"",""all_points_x"":[139,1171,1156,147],""all_points_y"":[3453,3398,3281,3347]}","{""label"":""item""}"
IMG_0191.jpg,1658852,"{""caption"":"""",""public_domain"":""no"",""image_url"":""""}",17,3,"{""name"":""polyline"",""all_points_x"":[1747,2029,2022,1736],""all_points_y"":[3376,3358,3259,3273]}","{""label"":""itemPrice""}"
IMG_0191.jpg,1658852,"{""caption"":"""",""public_domain"":""no"",""image_url"":""""}",17,4,"{""name"":""polyline"",""all_points_x"":[158,1215,1200,143],""all_points_y"":[3663,3596,3391,3457]}","{""label"":""item""}"
IMG_0191.jpg,1658852,"{""caption"":"""",""public_domain"":""no"",""image_url"":""""}",17,5,"{""name"":""polyline"",""all_points_x"":[1791,2029,2026,1791],""all_points_y"":[3468,3457,3365,3373]}","{""label"":""itemPrice""}"
IMG_0191.jpg,1658852,"{""caption"":"""",""public_domain"":""no"",""image_url"":""""}",17,6,"{""name"":""polyline"",""all_points_x"":[165,1226,1222,150],""all_points_y"":[3978,3890,3780,3861]}","{""label"":""item""}"
IMG_0191.jpg,1658852,"{""caption"":"""",""public_domain"":""no"",""image_url"":""""}",17,7,"{""name"":""polyline"",""all_points_x"":[1809,2037,2022,1817],""all_points_y"":[3883,3861,3758,3780]}","{""label"":""itemPrice""}"
IMG_0191.jpg,1658852,"{""caption"":"""",""public_domain"":""no"",""image_url"":""""}",17,8,"{""name"":""polyline"",""all_points_x"":[172,1229,1229,176],""all_points_y"":[4066,4000,3894,3978]}","{""label"":""item""}"
IMG_0191.jpg,1658852,"{""caption"":"""",""public_domain"":""no"",""image_url"":""""}",17,9,"{""name"":""polyline"",""all_points_x"":[1831,2044,2044,1820],""all_points_y"":[3971,3960,3864,3886]}","{""label"":""itemPrice""}"
IMG_0191.jpg,1658852,"{""caption"":"""",""public_domain"":""no"",""image_url"":""""}",17,10,"{""name"":""polyline"",""all_points_x"":[172,807,815,169],""all_points_y"":[4176,4136,4037,4074]}","{""label"":""item""}"
IMG_0191.jpg,1658852,"{""caption"":"""",""public_domain"":""no"",""image_url"":""""}",17,11,"{""name"":""polyline"",""all_points_x"":[1831,2048,2044,1824],""all_points_y"":[4074,4059,3960,3971]}","{""label"":""itemPrice""}"
IMG_0191.jpg,1658852,"{""caption"":"""",""public_domain"":""no"",""image_url"":""""}",17,12,"{""name"":""polyline"",""all_points_x"":[180,1127,1119,176],""all_points_y"":[4275,4206,4096,4165]}","{""label"":""item""}"
IMG_0191.jpg,1658852,"{""caption"":"""",""public_domain"":""no"",""image_url"":""""}",17,13,"{""name"":""polyline"",""all_points_x"":[1835,2059,2044,1831],""all_points_y"":[4180,4169,4055,4085]}","{""label"":""itemPrice""}"
IMG_0191.jpg,1658852,"{""caption"":"""",""public_domain"":""no"",""image_url"":""""}",17,14,"{""name"":""polyline"",""all_points_x"":[172,1189,1185,180],""all_points_y"":[4565,4481,4385,4477]}","{""label"":""item""}"
IMG_0191.jpg,1658852,"{""caption"":"""",""public_domain"":""no"",""image_url"":""""}",17,15,"{""name"":""polyline"",""all_points_x"":[1835,2070,2051,1831],""all_points_y"":[4477,4452,4341,4389]}","{""label"":""itemPrice""}"
IMG_0191.jpg,1658852,"{""caption"":"""",""public_domain"":""no"",""image_url"":""""}",17,16,"{""name"":""polyline"",""all_points_x"":[400,2066,2055,393],""all_points_y"":[4749,4672,4543,4646]}","{""label"":""total""}"
IMG_0220.jpg,1824163,"{""caption"":"""",""public_domain"":""no"",""image_url"":""""}",45,0,"{""name"":""polyline"",""all_points_x"":[1778,0,0,1778],""all_points_y"":[5593,5593,0,0]}","{""label"":""dimension""}"
IMG_0220.jpg,1824163,"{""caption"":"""",""public_domain"":""no"",""image_url"":""""}",45,1,"{""name"":""polyline"",""all_points_x"":[5,1633,1646,8],""all_points_y"":[210,205,0,8]}","{""label"":""name""}"
IMG_0220.jpg,1824163,"{""caption"":"""",""public_domain"":""no"",""image_url"":""""}",45,2,"{""name"":""polyline"",""all_points_x"":[40,1024,1021,65,57],""all_points_y"":[1363,1366,1272,1282,1277]}","{""label"":""item""}"
IMG_0220.jpg,1824163,"{""caption"":"""",""public_domain"":""no"",""image_url"":""""}",45,3,"{""name"":""polyline"",""all_points_x"":[1525,1692,1692,1522],""all_points_y"":[1342,1339,1245,1245]}","{""label"":""itemPrice""}"
IMG_0220.jpg,1824163,"{""caption"":"""",""public_domain"":""no"",""image_url"":""""}",45,4,"{""name"":""polyline"",""all_points_x"":[43,622,609,57],""all_points_y"":[1460,1457,1363,1369]}","{""label"":""item""}"
IMG_0220.jpg,1824163,"{""caption"":"""",""public_domain"":""no"",""image_url"":""""}",45,5,"{""name"":""polyline"",""all_points_x"":[1533,1694,1689,1533],""all_points_y"":[1422,1409,1342,1344]}","{""label"":""itemPrice""}"
IMG_0220.jpg,1824163,"{""caption"":"""",""public_domain"":""no"",""image_url"":""""}",45,6,"{""name"":""polyline"",""all_points_x"":[57,1032,1032,51],""all_points_y"":[1541,1525,1447,1466]}","{""label"":""item""}"
IMG_0220.jpg,1824163,"{""caption"":"""",""public_domain"":""no"",""image_url"":""""}",45,7,"{""name"":""polyline"",""all_points_x"":[1530,1700,1700,1530],""all_points_y"":[1514,1492,1414,1428]}","{""label"":""itemPrice""}"
IMG_0220.jpg,1824163,"{""caption"":"""",""public_domain"":""no"",""image_url"":""""}",45,8,"{""name"":""polyline"",""all_points_x"":[54,1029,1032,62],""all_points_y"":[1627,1614,1525,1541]}","{""label"":""item""}"
IMG_0220.jpg,1824163,"{""caption"":"""",""public_domain"":""no"",""image_url"":""""}",45,9,"{""name"":""polyline"",""all_points_x"":[1533,1700,1700,1533],""all_points_y"":[1598,1584,1503,1514]}","{""label"":""itemPrice""}"
IMG_0220.jpg,1824163,"{""caption"":"""",""public_domain"":""no"",""image_url"":""""}",45,10,"{""name"":""polyline"",""all_points_x"":[54,999,991,54],""all_points_y"":[1713,1700,1616,1630]}","{""label"":""item""}"
IMG_0220.jpg,1824163,"{""caption"":"""",""public_domain"":""no"",""image_url"":""""}",45,11,"{""name"":""polyline"",""all_points_x"":[1541,1700,1697,1533],""all_points_y"":[1676,1670,1587,1598]}","{""label"":""itemPrice""}"
IMG_0220.jpg,1824163,"{""caption"":"""",""public_domain"":""no"",""image_url"":""""}",45,12,"{""name"":""polyline"",""all_points_x"":[57,792,792,48],""all_points_y"":[1802,1794,1705,1716]}","{""label"":""item""}"
IMG_0220.jpg,1824163,"{""caption"":"""",""public_domain"":""no"",""image_url"":""""}",45,13,"{""name"":""polyline"",""all_points_x"":[1538,1703,1697,1538],""all_points_y"":[1762,1754,1676,1678]}","{""label"":""itemPrice""}"
IMG_0220.jpg,1824163,"{""caption"":"""",""public_domain"":""no"",""image_url"":""""}",45,14,"{""name"":""polyline"",""all_points_x"":[57,665,663,51],""all_points_y"":[1880,1872,1800,1808]}","{""label"":""item""}"
IMG_0220.jpg,1824163,"{""caption"":"""",""public_domain"":""no"",""image_url"":""""}",45,15,"{""name"":""polyline"",""all_points_x"":[1538,1700,1703,1538],""all_points_y"":[1843,1837,1756,1765]}","{""label"":""itemPrice""}"
IMG_0220.jpg,1824163,"{""caption"":"""",""public_domain"":""no"",""image_url"":""""}",45,16,"{""name"":""polyline"",""all_points_x"":[61,959,959,62],""all_points_y"":[1964,1945,1870,1886]}","{""label"":""item""}"
IMG_0220.jpg,1824163,"{""caption"":"""",""public_domain"":""no"",""image_url"":""""}",45,17,"{""name"":""polyline"",""all_points_x"":[1538,1705,1700,1538],""all_points_y"":[1932,1926,1837,1843]}","{""label"":""itemPrice""}"
IMG_0220.jpg,1824163,"{""caption"":"""",""public_domain"":""no"",""image_url"":""""}",45,18,"{""name"":""polyline"",""all_points_x"":[57,1044,1040,59],""all_points_y"":[2053,2031,1952,1976]}","{""label"":""item""}"
IMG_0220.jpg,1824163,"{""caption"":"""",""public_domain"":""no"",""image_url"":""""}",45,19,"{""name"":""polyline"",""all_points_x"":[1536,1708,1700,1527],""all_points_y"":[2015,2012,1934,1934]}","{""label"":""itemPrice""}"
IMG_0220.jpg,1824163,"{""caption"":"""",""public_domain"":""no"",""image_url"":""""}",45,20,"{""name"":""polyline"",""all_points_x"":[62,1050,1048,57],""all_points_y"":[2136,2116,2029,2050]}","{""label"":""item""}"
IMG_0220.jpg,1824163,"{""caption"":"""",""public_domain"":""no"",""image_url"":""""}",45,21,"{""name"":""polyline"",""all_points_x"":[1544,1711,1708,1533],""all_points_y"":[2104,2096,2012,2018]}","{""label"":""itemPrice""}"
IMG_0220.jpg,1824163,"{""caption"":"""",""public_domain"":""no"",""image_url"":""""}",45,22,"{""name"":""polyline"",""all_points_x"":[62,1053,1053,62],""all_points_y"":[2220,2201,2112,2142]}","{""label"":""item""}"
IMG_0220.jpg,1824163,"{""caption"":"""",""public_domain"":""no"",""image_url"":""""}",45,23,"{""name"":""polyline"",""all_points_x"":[1544,1716,1713,1546],""all_points_y"":[2190,2185,2099,2107]}","{""label"":""itemPrice""}"
IMG_0220.jpg,1824163,"{""caption"":"""",""public_domain"":""no"",""image_url"":""""}",45,24,"{""name"":""polyline"",""all_points_x"":[65,1013,1012,68],""all_points_y"":[2308,2298,2209,2229]}","{""label"":""item""}"
IMG_0220.jpg,1824163,"{""caption"":"""",""public_domain"":""no"",""image_url"":""""}",45,25,"{""name"":""polyline"",""all_points_x"":[1549,1713,1711,1549],""all_points_y"":[2279,2268,2182,2193]}","{""label"":""itemPrice""}"
IMG_0220.jpg,1824163,"{""caption"":"""",""public_domain"":""no"",""image_url"":""""}",45,26,"{""name"":""polyline"",""all_points_x"":[75,932,926,75],""all_points_y"":[2387,2371,2299,2317]}","{""label"":""item""}"
IMG_0220.jpg,1824163,"{""caption"":"""",""public_domain"":""no"",""image_url"":""""}",45,27,"{""name"":""polyline"",""all_points_x"":[1558,1721,1718,1547],""all_points_y"":[2356,2352,2275,2282]}","{""label"":""itemPrice""}"
IMG_0220.jpg,1824163,"{""caption"":"""",""public_domain"":""no"",""image_url"":""""}",45,28,"{""name"":""polyline"",""all_points_x"":[51,899,890,56],""all_points_y"":[2545,2529,2377,2396]}","{""label"":""item""}"
IMG_0220.jpg,1824163,"{""caption"":"""",""public_domain"":""no"",""image_url"":""""}",45,29,"{""name"":""polyline"",""all_points_x"":[1548,1718,1711,1551],""all_points_y"":[2438,2435,2360,2363]}","{""label"":""itemPrice""}"
IMG_0220.jpg,1824163,"{""caption"":"""",""public_domain"":""no"",""image_url"":""""}",45,30,"{""name"":""polyline"",""all_points_x"":[69,1058,1055,66],""all_points_y"":[2646,2620,2543,2565]}","{""label"":""item""}"
IMG_0220.jpg,1824163,"{""caption"":"""",""public_domain"":""no"",""image_url"":""""}",45,31,"{""name"":""polyline"",""all_points_x"":[1565,1724,1723,1561],""all_points_y"":[2610,2607,2528,2531]}","{""label"":""itemPrice""}"
IMG_0220.jpg,1824163,"{""caption"":"""",""public_domain"":""no"",""image_url"":""""}",45,32,"{""name"":""polyline"",""all_points_x"":[53,1063,1060,51],""all_points_y"":[2796,2774,2617,2645]}","{""label"":""item""}"
IMG_0220.jpg,1824163,"{""caption"":"""",""public_domain"":""no"",""image_url"":""""}",45,33,"{""name"":""polyline"",""all_points_x"":[1570,1724,1724,1565],""all_points_y"":[2699,2695,2605,2611]}","{""label"":""itemPrice""}"
IMG_0220.jpg,1824163,"{""caption"":"""",""public_domain"":""no"",""image_url"":""""}",45,34,"{""name"":""polyline"",""all_points_x"":[78,778,778,77],""all_points_y"":[2897,2878,2803,2821]}","{""label"":""item""}"
IMG_0220.jpg,1824163,"{""caption"":"""",""public_domain"":""no"",""image_url"":""""}",45,35,"{""name"":""polyline"",""all_points_x"":[1567,1734,1730,1568],""all_points_y"":[2869,2859,2787,2789]}","{""label"":""itemPrice""}"
IMG_0220.jpg,1824163,"{""caption"":"""",""public_domain"":""no"",""image_url"":""""}",45,36,"{""name"":""polyline"",""all_points_x"":[77,779,777,77],""all_points_y"":[2978,2963,2884,2902]}","{""label"":""item""}"
IMG_0220.jpg,1824163,"{""caption"":"""",""public_domain"":""no"",""image_url"":""""}",45,37,"{""name"":""polyline"",""all_points_x"":[1566,1734,1730,1570],""all_points_y"":[2954,2949,2874,2875]}","{""label"":""itemPrice""}"
IMG_0220.jpg,1824163,"{""caption"":"""",""public_domain"":""no"",""image_url"":""""}",45,38,"{""name"":""polyline"",""all_points_x"":[69,1069,1067,74],""all_points_y"":[3060,3042,2950,2984]}","{""label"":""item""}"
IMG_0220.jpg,1824163,"{""caption"":"""",""public_domain"":""no"",""image_url"":""""}",45,39,"{""name"":""polyline"",""all_points_x"":[1572,1735,1735,1567],""all_points_y"":[3038,3033,2955,2962]}","{""label"":""itemPrice""}"
IMG_0220.jpg,1824163,"{""caption"":"""",""public_domain"":""no"",""image_url"":""""}",45,40,"{""name"":""polyline"",""all_points_x"":[59,403,401,62],""all_points_y"":[3226,3208,3066,3075]}","{""label"":""item""}"
IMG_0220.jpg,1824163,"{""caption"":"""",""public_domain"":""no"",""image_url"":""""}",45,41,"{""name"":""polyline"",""all_points_x"":[1562,1737,1738,1567],""all_points_y"":[3123,3119,3044,3047]}","{""label"":""itemPrice""}"
IMG_0220.jpg,1824163,"{""caption"":"""",""public_domain"":""no"",""image_url"":""""}",45,42,"{""name"":""polyline"",""all_points_x"":[5,827,825,4],""all_points_y"":[3326,3301,3220,3248]}","{""label"":""item""}"
IMG_0220.jpg,1824163,"{""caption"":"""",""public_domain"":""no"",""image_url"":""""}",45,43,"{""name"":""polyline"",""all_points_x"":[1580,1747,1746,1582],""all_points_y"":[3295,3293,3214,3220]}","{""label"":""itemPrice""}"
IMG_0220.jpg,1824163,"{""caption"":"""",""public_domain"":""no"",""image_url"":""""}",45,44,"{""name"":""polyline"",""all_points_x"":[2,1755,1750,5],""all_points_y"":[3588,3556,3472,3503]}","{""label"":""total""}"
IMG_0212.jpg,1329542,"{""caption"":"""",""public_domain"":""no"",""image_url"":""""}",11,0,"{""name"":""polyline"",""all_points_x"":[1522,0,0,1522],""all_points_y"":[4847,4847,0,0]}","{""label"":""dimension""}"
IMG_0212.jpg,1329542,"{""caption"":"""",""public_domain"":""no"",""image_url"":""""}",11,1,"{""name"":""polyline"",""all_points_x"":[314,1422,1426,358],""all_points_y"":[193,277,47,19]}","{""label"":""name""}"
IMG_0212.jpg,1329542,"{""caption"":"""",""public_domain"":""no"",""image_url"":""""}",11,2,"{""name"":""polyline"",""all_points_x"":[9,414,423,22],""all_points_y"":[784,797,719,697]}","{""label"":""item""}"
IMG_0212.jpg,1329542,"{""caption"":"""",""public_domain"":""no"",""image_url"":""""}",11,3,"{""name"":""polyline"",""all_points_x"":[1186,1379,1391,1195],""all_points_y"":[834,834,753,759]}","{""label"":""itemPrice""}"
IMG_0212.jpg,1329542,"{""caption"":"""",""public_domain"":""no"",""image_url"":""""}",11,4,"{""name"":""polyline"",""all_points_x"":[174,999,1015,181],""all_points_y"":[865,896,815,781]}","{""label"":""item""}"
IMG_0212.jpg,1329542,"{""caption"":"""",""public_domain"":""no"",""image_url"":""""}",11,5,"{""name"":""polyline"",""all_points_x"":[1239,1376,1379,1229],""all_points_y"":[903,900,834,834]}","{""label"":""itemPrice""}"
IMG_0212.jpg,1329542,"{""caption"":"""",""public_domain"":""no"",""image_url"":""""}",11,6,"{""name"":""polyline"",""all_points_x"":[19,398,414,22],""all_points_y"":[937,956,884,853]}","{""label"":""item""}"
IMG_0212.jpg,1329542,"{""caption"":"""",""public_domain"":""no"",""image_url"":""""}",11,7,"{""name"":""polyline"",""all_points_x"":[1192,1385,1382,1192],""all_points_y"":[974,968,903,903]}","{""label"":""itemPrice""}"
IMG_0212.jpg,1329542,"{""caption"":"""",""public_domain"":""no"",""image_url"":""""}",11,8,"{""name"":""polyline"",""all_points_x"":[146,1005,1005,171],""all_points_y"":[1018,1052,977,946]}","{""label"":""item""}"
IMG_0212.jpg,1329542,"{""caption"":"""",""public_domain"":""no"",""image_url"":""""}",11,9,"{""name"":""polyline"",""all_points_x"":[1236,1369,1379,1382,1229],""all_points_y"":[1043,1043,1043,968,977]}","{""label"":""itemPrice""}"
IMG_0212.jpg,1329542,"{""caption"":"""",""public_domain"":""no"",""image_url"":""""}",11,10,"{""name"":""polyline"",""all_points_x"":[22,1419,1435,22],""all_points_y"":[1874,1880,1787,1793]}","{""label"":""total""}"
IMG_0215.jpg,1427890,"{""caption"":"""",""public_domain"":""no"",""image_url"":""""}",11,0,"{""name"":""polyline"",""all_points_x"":[2071,0,0,2071],""all_points_y"":[5728,5728,0,0]}","{""label"":""dimension""}"
IMG_0215.jpg,1427890,"{""caption"":"""",""public_domain"":""no"",""image_url"":""""}",11,1,"{""name"":""polyline"",""all_points_x"":[973,1506,1487,980,973],""all_points_y"":[367,378,7,22,371]}","{""label"":""name""}"
IMG_0215.jpg,1427890,"{""caption"":"""",""public_domain"":""no"",""image_url"":""""}",11,2,"{""name"":""polyline"",""all_points_x"":[731,1326,1329,734],""all_points_y"":[1072,1072,999,991]}","{""label"":""item""}"
IMG_0215.jpg,1427890,"{""caption"":"""",""public_domain"":""no"",""image_url"":""""}",11,3,"{""name"":""polyline"",""all_points_x"":[1667,1880,1891,1678],""all_points_y"":[1087,1080,1006,1006]}","{""label"":""itemPrice""}"
IMG_0215.jpg,1427890,"{""caption"":"""",""public_domain"":""no"",""image_url"":""""}",11,4,"{""name"":""polyline"",""all_points_x"":[745,1351,1355,738],""all_points_y"":[1135,1146,1083,1072]}","{""label"":""item""}"
IMG_0215.jpg,1427890,"{""caption"":"""",""public_domain"":""no"",""image_url"":""""}",11,5,"{""name"":""polyline"",""all_points_x"":[1682,1887,1876,1678],""all_points_y"":[1153,1160,1087,1094]}","{""label"":""itemPrice""}"
IMG_0215.jpg,1427890,"{""caption"":"""",""public_domain"":""no"",""image_url"":""""}",11,6,"{""name"":""polyline"",""all_points_x"":[720,1278,1271,738],""all_points_y"":[1215,1230,1149,1138]}","{""label"":""item""}"
IMG_0215.jpg,1427890,"{""caption"":"""",""public_domain"":""no"",""image_url"":""""}",11,7,"{""name"":""polyline"",""all_points_x"":[1682,1895,1891,1678],""all_points_y"":[1241,1237,1168,1168]}","{""label"":""itemPrice""}"
IMG_0215.jpg,1427890,"{""caption"":"""",""public_domain"":""no"",""image_url"":""""}",11,8,"{""name"":""polyline"",""all_points_x"":[738,1480,1472,745],""all_points_y"":[1293,1311,1237,1226]}","{""label"":""item""}"
IMG_0215.jpg,1427890,"{""caption"":"""",""public_domain"":""no"",""image_url"":""""}",11,9,"{""name"":""polyline"",""all_points_x"":[1726,1898,1891,1722],""all_points_y"":[1318,1322,1245,1252]}","{""label"":""itemPrice""}"
IMG_0215.jpg,1427890,"{""caption"":"""",""public_domain"":""no"",""image_url"":""""}",11,10,"{""name"":""polyline"",""all_points_x"":[694,1906,1917,709],""all_points_y"":[1638,1656,1579,1550]}","{""label"":""total""}"
IMG_0216.jpg,1407907,"{""caption"":"""",""public_domain"":""no"",""image_url"":""""}",31,0,"{""name"":""polyline"",""all_points_x"":[1538,0,0,1538],""all_points_y"":[6467,6467,0,0]}","{""label"":""dimension""}"
IMG_0216.jpg,1407907,"{""caption"":"""",""public_domain"":""no"",""image_url"":""""}",31,1,"{""name"":""polyline"",""all_points_x"":[263,1238,1246,233],""all_points_y"":[379,408,17,8]}","{""label"":""name""}"
IMG_0216.jpg,1407907,"{""caption"":"""",""public_domain"":""no"",""image_url"":""""}",31,2,"{""name"":""polyline"",""all_points_x"":[54,559,563,54],""all_points_y"":[2326,2338,2259,2263]}","{""label"":""item""}"
IMG_0216.jpg,1407907,"{""caption"":"""",""public_domain"":""no"",""image_url"":""""}",31,3,"{""name"":""polyline"",""all_points_x"":[971,1125,1130,984],""all_points_y"":[2351,2342,2276,2284]}","{""label"":""itemPrice""}"
IMG_0216.jpg,1407907,"{""caption"":"""",""public_domain"":""no"",""image_url"":""""}",31,4,"{""name"":""polyline"",""all_points_x"":[54,563,554,63],""all_points_y"":[2484,2484,2409,2413]}","{""label"":""item""}"
IMG_0216.jpg,1407907,"{""caption"":"""",""public_domain"":""no"",""image_url"":""""}",31,5,"{""name"":""polyline"",""all_points_x"":[996,1146,1142,996],""all_points_y"":[2488,2492,2417,2426]}","{""label"":""itemPrice""}"
IMG_0216.jpg,1407907,"{""caption"":"""",""public_domain"":""no"",""image_url"":""""}",31,6,"{""name"":""polyline"",""all_points_x"":[67,458,458,63],""all_points_y"":[2701,2709,2563,2555]}","{""label"":""item""}"
IMG_0216.jpg,1407907,"{""caption"":"""",""public_domain"":""no"",""image_url"":""""}",31,7,"{""name"":""polyline"",""all_points_x"":[988,1134,1138,984],""all_points_y"":[2634,2643,2572,2568]}","{""label"":""itemPrice""}"
IMG_0216.jpg,1407907,"{""caption"":"""",""public_domain"":""no"",""image_url"":""""}",31,8,"{""name"":""polyline"",""all_points_x"":[54,438,446,79],""all_points_y"":[2938,2934,2763,2776]}","{""label"":""item""}"
IMG_0216.jpg,1407907,"{""caption"":"""",""public_domain"":""no"",""image_url"":""""}",31,9,"{""name"":""polyline"",""all_points_x"":[1030,1150,1142,1025],""all_points_y"":[2859,2859,2776,2784]}","{""label"":""itemPrice""}"
IMG_0216.jpg,1407907,"{""caption"":"""",""public_domain"":""no"",""image_url"":""""}",31,10,"{""name"":""polyline"",""all_points_x"":[71,408,396,67],""all_points_y"":[3084,3076,3018,3013]}","{""label"":""item""}"
IMG_0216.jpg,1407907,"{""caption"":"""",""public_domain"":""no"",""image_url"":""""}",31,11,"{""name"":""polyline"",""all_points_x"":[1038,1163,1155,1038],""all_points_y"":[3072,3063,3001,3009]}","{""label"":""itemPrice""}"
IMG_0216.jpg,1407907,"{""caption"":"""",""public_domain"":""no"",""image_url"":""""}",31,12,"{""name"":""polyline"",""all_points_x"":[71,179,179,79],""all_points_y"":[3234,3234,3172,3172]}","{""label"":""item""}"
IMG_0216.jpg,1407907,"{""caption"":"""",""public_domain"":""no"",""image_url"":""""}",31,13,"{""name"":""polyline"",""all_points_x"":[1046,1159,1163,1042],""all_points_y"":[3218,3218,3143,3151]}","{""label"":""itemPrice""}"
IMG_0216.jpg,1407907,"{""caption"":"""",""public_domain"":""no"",""image_url"":""""}",31,14,"{""name"":""polyline"",""all_points_x"":[71,388,388,75],""all_points_y"":[3397,3393,3309,3318]}","{""label"":""item""}"
IMG_0216.jpg,1407907,"{""caption"":"""",""public_domain"":""no"",""image_url"":""""}",31,15,"{""name"":""polyline"",""all_points_x"":[1046,1163,1163,1038],""all_points_y"":[3380,3372,3293,3314]}","{""label"":""itemPrice""}"
IMG_0216.jpg,1407907,"{""caption"":"""",""public_domain"":""no"",""image_url"":""""}",31,16,"{""name"":""polyline"",""all_points_x"":[71,179,179,75],""all_points_y"":[3555,3547,3472,3480]}","{""label"":""item""}"
IMG_0216.jpg,1407907,"{""caption"":"""",""public_domain"":""no"",""image_url"":""""}",31,17,"{""name"":""polyline"",""all_points_x"":[1025,1163,1159,1038],""all_points_y"":[3522,3526,3439,3459]}","{""label"":""itemPrice""}"
IMG_0216.jpg,1407907,"{""caption"":"""",""public_domain"":""no"",""image_url"":""""}",31,18,"{""name"":""polyline"",""all_points_x"":[83,588,584,88],""all_points_y"":[3839,3818,3735,3768]}","{""label"":""item""}"
IMG_0216.jpg,1407907,"{""caption"":"""",""public_domain"":""no"",""image_url"":""""}",31,19,"{""name"":""polyline"",""all_points_x"":[1038,1167,1155,1046],""all_points_y"":[3793,3789,3718,3726]}","{""label"":""itemPrice""}"
IMG_0216.jpg,1407907,"{""caption"":"""",""public_domain"":""no"",""image_url"":""""}",31,20,"{""name"":""polyline"",""all_points_x"":[88,192,192,83],""all_points_y"":[3980,3976,3914,3922]}","{""label"":""item""}"
IMG_0216.jpg,1407907,"{""caption"":"""",""public_domain"":""no"",""image_url"":""""}",31,21,"{""name"":""polyline"",""all_points_x"":[1038,1163,1163,1025],""all_points_y"":[3943,3943,3868,3868]}","{""label"":""itemPrice""}"
IMG_0216.jpg,1407907,"{""caption"":"""",""public_domain"":""no"",""image_url"":""""}",31,22,"{""name"":""polyline"",""all_points_x"":[88,563,559,79],""all_points_y"":[4143,4122,4051,4076]}","{""label"":""item""}"
IMG_0216.jpg,1407907,"{""caption"":"""",""public_domain"":""no"",""image_url"":""""}",31,23,"{""name"":""polyline"",""all_points_x"":[1046,1175,1163,1042],""all_points_y"":[4089,4080,4010,4022]}","{""label"":""itemPrice""}"
IMG_0216.jpg,1407907,"{""caption"":"""",""public_domain"":""no"",""image_url"":""""}",31,24,"{""name"":""polyline"",""all_points_x"":[92,513,513,88],""all_points_y"":[4293,4272,4197,4226]}","{""label"":""item""}"
IMG_0216.jpg,1407907,"{""caption"":"""",""public_domain"":""no"",""image_url"":""""}",31,25,"{""name"":""polyline"",""all_points_x"":[1055,1163,1163,1038],""all_points_y"":[4235,4226,4160,4172]}","{""label"":""itemPrice""}"
IMG_0216.jpg,1407907,"{""caption"":"""",""public_domain"":""no"",""image_url"":""""}",31,26,"{""name"":""polyline"",""all_points_x"":[100,588,571,100],""all_points_y"":[4672,4635,4493,4531]}","{""label"":""item""}"
IMG_0216.jpg,1407907,"{""caption"":"""",""public_domain"":""no"",""image_url"":""""}",31,27,"{""name"":""polyline"",""all_points_x"":[1055,1175,1180,1055],""all_points_y"":[4535,4526,4447,4460]}","{""label"":""itemPrice""}"
IMG_0216.jpg,1407907,"{""caption"":"""",""public_domain"":""no"",""image_url"":""""}",31,28,"{""name"":""polyline"",""all_points_x"":[138,579,579,113],""all_points_y"":[4902,4877,4718,4764]}","{""label"":""item""}"
IMG_0216.jpg,1407907,"{""caption"":"""",""public_domain"":""no"",""image_url"":""""}",31,29,"{""name"":""polyline"",""all_points_x"":[1063,1188,1192,1050],""all_points_y"":[4760,4743,4668,4685]}","{""label"":""itemPrice""}"
IMG_0216.jpg,1407907,"{""caption"":"""",""public_domain"":""no"",""image_url"":""""}",31,30,"{""name"":""polyline"",""all_points_x"":[250,1346,1346,233],""all_points_y"":[5327,5248,5181,5256]}","{""label"":""total""}"
IMG_0206.jpg,1209235,"{""caption"":"""",""public_domain"":""no"",""image_url"":""""}",5,0,"{""name"":""polyline"",""all_points_x"":[1676,0,0,1676],""all_points_y"":[3595,3595,0,0]}","{""label"":""dimension""}"
IMG_0206.jpg,1209235,"{""caption"":"""",""public_domain"":""no"",""image_url"":""""}",5,1,"{""name"":""polyline"",""all_points_x"":[374,1424,1420,358],""all_points_y"":[233,235,129,120]}","{""label"":""name""}"
IMG_0206.jpg,1209235,"{""caption"":"""",""public_domain"":""no"",""image_url"":""""}",5,2,"{""name"":""polyline"",""all_points_x"":[55,1277,1281,62],""all_points_y"":[723,801,614,549]}","{""label"":""item""}"
IMG_0206.jpg,1209235,"{""caption"":"""",""public_domain"":""no"",""image_url"":""""}",5,3,"{""name"":""polyline"",""all_points_x"":[1360,1577,1572,1364],""all_points_y"":[605,593,510,524]}","{""label"":""itemPrice""}"
IMG_0206.jpg,1209235,"{""caption"":"""",""public_domain"":""no"",""image_url"":""""}",5,4,"{""name"":""polyline"",""all_points_x"":[757,1572,1570,760],""all_points_y"":[1094,1094,1007,1016]}","{""label"":""total""}"
IMG_0203.jpg,1634614,"{""caption"":"""",""public_domain"":""no"",""image_url"":""""}",5,0,"{""name"":""polyline"",""all_points_x"":[2315,0,0,2315],""all_points_y"":[4241,4241,0,0]}","{""label"":""dimension""}"
IMG_0203.jpg,1634614,"{""caption"":"""",""public_domain"":""no"",""image_url"":""""}",5,1,"{""name"":""polyline"",""all_points_x"":[619,2010,2001,611],""all_points_y"":[120,213,55,16]}","{""label"":""name""}"
IMG_0203.jpg,1634614,"{""caption"":"""",""public_domain"":""no"",""image_url"":""""}",5,2,"{""name"":""polyline"",""all_points_x"":[52,1083,1083,52],""all_points_y"":[769,813,627,573]}","{""label"":""item""}"
IMG_0203.jpg,1634614,"{""caption"":"""",""public_domain"":""no"",""image_url"":""""}",5,3,"{""name"":""polyline"",""all_points_x"":[1838,2070,2070,1838],""all_points_y"":[663,619,518,556]}","{""label"":""itemPrice""}"
IMG_0203.jpg,1634614,"{""caption"":"""",""public_domain"":""no"",""image_url"":""""}",5,4,"{""name"":""polyline"",""all_points_x"":[1031,2081,2081,1031],""all_points_y"":[1183,1205,1093,1080]}","{""label"":""total""}"
IMG_0218.jpg,819095,"{""caption"":"""",""public_domain"":""no"",""image_url"":""""}",21,0,"{""name"":""polyline"",""all_points_x"":[1717,0,0,1717],""all_points_y"":[4074,4074,0,0]}","{""label"":""dimension""}"
IMG_0218.jpg,819095,"{""caption"":"""",""public_domain"":""no"",""image_url"":""""}",21,1,"{""name"":""polyline"",""all_points_x"":[557,928,923,559],""all_points_y"":[261,272,212,199]}","{""label"":""name""}"
IMG_0218.jpg,819095,"{""caption"":"""",""public_domain"":""no"",""image_url"":""""}",21,2,"{""name"":""polyline"",""all_points_x"":[204,564,564,193],""all_points_y"":[1108,1113,1045,1040]}","{""label"":""item""}"
IMG_0218.jpg,819095,"{""caption"":"""",""public_domain"":""no"",""image_url"":""""}",21,3,"{""name"":""polyline"",""all_points_x"":[1200,1304,1299,1202],""all_points_y"":[1119,1116,1056,1061]}","{""label"":""itemPrice""}"
IMG_0218.jpg,819095,"{""caption"":"""",""public_domain"":""no"",""image_url"":""""}",21,4,"{""name"":""polyline"",""all_points_x"":[199,630,622,204],""all_points_y"":[1163,1179,1116,1108]}","{""label"":""item""}"
IMG_0218.jpg,819095,"{""caption"":"""",""public_domain"":""no"",""image_url"":""""}",21,5,"{""name"":""polyline"",""all_points_x"":[1205,1309,1304,1202],""all_points_y"":[1176,1176,1124,1129]}","{""label"":""itemPrice""}"
IMG_0218.jpg,819095,"{""caption"":"""",""public_domain"":""no"",""image_url"":""""}",21,6,"{""name"":""polyline"",""all_points_x"":[206,436,436,204],""all_points_y"":[1234,1236,1168,1166]}","{""label"":""item""}"
IMG_0218.jpg,819095,"{""caption"":"""",""public_domain"":""no"",""image_url"":""""}",21,7,"{""name"":""polyline"",""all_points_x"":[1202,1299,1299,1200],""all_points_y"":[1236,1232,1184,1186]}","{""label"":""itemPrice""}"
IMG_0218.jpg,819095,"{""caption"":"""",""public_domain"":""no"",""image_url"":""""}",21,8,"{""name"":""polyline"",""all_points_x"":[209,664,656,212],""all_points_y"":[1312,1301,1236,1236]}","{""label"":""item""}"
IMG_0218.jpg,819095,"{""caption"":"""",""public_domain"":""no"",""image_url"":""""}",21,9,"{""name"":""polyline"",""all_points_x"":[1171,1315,1309,1179],""all_points_y"":[1299,1296,1236,1249]}","{""label"":""itemPrice""}"
IMG_0218.jpg,819095,"{""caption"":"""",""public_domain"":""no"",""image_url"":""""}",21,10,"{""name"":""polyline"",""all_points_x"":[209,792,792,212],""all_points_y"":[1500,1490,1422,1435]}","{""label"":""item""}"
IMG_0218.jpg,819095,"{""caption"":"""",""public_domain"":""no"",""image_url"":""""}",21,11,"{""name"":""polyline"",""all_points_x"":[1179,1315,1312,1181],""all_points_y"":[1484,1479,1419,1427]}","{""label"":""itemPrice""}"
IMG_0218.jpg,819095,"{""caption"":"""",""public_domain"":""no"",""image_url"":""""}",21,12,"{""name"":""polyline"",""all_points_x"":[217,844,836,214],""all_points_y"":[1683,1667,1615,1636]}","{""label"":""item""}"
IMG_0218.jpg,819095,"{""caption"":"""",""public_domain"":""no"",""image_url"":""""}",21,13,"{""name"":""polyline"",""all_points_x"":[1194,1330,1330,1194],""all_points_y"":[1657,1649,1602,1607]}","{""label"":""itemPrice""}"
IMG_0218.jpg,819095,"{""caption"":"""",""public_domain"":""no"",""image_url"":""""}",21,14,"{""name"":""polyline"",""all_points_x"":[222,703,700,222],""all_points_y"":[1869,1861,1801,1814]}","{""label"":""item""}"
IMG_0218.jpg,819095,"{""caption"":"""",""public_domain"":""no"",""image_url"":""""}",21,15,"{""name"":""polyline"",""all_points_x"":[1210,1351,1349,1210],""all_points_y"":[1835,1835,1788,1788]}","{""label"":""itemPrice""}"
IMG_0218.jpg,819095,"{""caption"":"""",""public_domain"":""no"",""image_url"":""""}",21,16,"{""name"":""polyline"",""all_points_x"":[238,651,640,233],""all_points_y"":[2065,2049,1986,2012]}","{""label"":""item""}"
IMG_0218.jpg,819095,"{""caption"":"""",""public_domain"":""no"",""image_url"":""""}",21,17,"{""name"":""polyline"",""all_points_x"":[1220,1359,1362,1220],""all_points_y"":[2023,2018,1968,1976]}","{""label"":""itemPrice""}"
IMG_0218.jpg,819095,"{""caption"":"""",""public_domain"":""no"",""image_url"":""""}",21,18,"{""name"":""polyline"",""all_points_x"":[240,870,870,238],""all_points_y"":[2274,2232,2185,2208]}","{""label"":""item""}"
IMG_0218.jpg,819095,"{""caption"":"""",""public_domain"":""no"",""image_url"":""""}",21,19,"{""name"":""polyline"",""all_points_x"":[1241,1367,1364,1228],""all_points_y"":[2211,2200,2156,2164]}","{""label"":""itemPrice""}"
IMG_0218.jpg,819095,"{""caption"":"""",""public_domain"":""no"",""image_url"":""""}",21,20,"{""name"":""polyline"",""all_points_x"":[253,1445,1448,248],""all_points_y"":[3094,3011,2940,3032]}","{""label"":""total""}"
IMG_0214.jpg,1103371,"{""caption"":"""",""public_domain"":""no"",""image_url"":""""}",21,0,"{""name"":""polyline"",""all_points_x"":[1621,0,0,1621],""all_points_y"":[5479,5479,0,0]}","{""label"":""dimension""}"
IMG_0214.jpg,1103371,"{""caption"":"""",""public_domain"":""no"",""image_url"":""""}",21,1,"{""name"":""polyline"",""all_points_x"":[28,1263,1281,95],""all_points_y"":[418,393,225,218]}","{""label"":""name""}"
IMG_0214.jpg,1103371,"{""caption"":"""",""public_domain"":""no"",""image_url"":""""}",21,2,"{""name"":""polyline"",""all_points_x"":[305,1014,1018,295],""all_points_y"":[1319,1305,1228,1249]}","{""label"":""item""}"
IMG_0214.jpg,1103371,"{""caption"":"""",""public_domain"":""no"",""image_url"":""""}",21,3,"{""name"":""polyline"",""all_points_x"":[1267,1439,1432,1260],""all_points_y"":[1298,1295,1200,1214]}","{""label"":""itemPrice""}"
IMG_0214.jpg,1103371,"{""caption"":"""",""public_domain"":""no"",""image_url"":""""}",21,4,"{""name"":""polyline"",""all_points_x"":[305,1032,1035,295],""all_points_y"":[1439,1410,1323,1347]}","{""label"":""item""}"
IMG_0214.jpg,1103371,"{""caption"":"""",""public_domain"":""no"",""image_url"":""""}",21,5,"{""name"":""polyline"",""all_points_x"":[1260,1435,1428,1267],""all_points_y"":[1410,1403,1305,1316]}","{""label"":""itemPrice""}"
IMG_0214.jpg,1103371,"{""caption"":"""",""public_domain"":""no"",""image_url"":""""}",21,6,"{""name"":""polyline"",""all_points_x"":[302,1025,1028,295],""all_points_y"":[1526,1509,1428,1453]}","{""label"":""item""}"
IMG_0214.jpg,1103371,"{""caption"":"""",""public_domain"":""no"",""image_url"":""""}",21,7,"{""name"":""polyline"",""all_points_x"":[1277,1442,1432,1260],""all_points_y"":[1512,1502,1425,1428]}","{""label"":""itemPrice""}"
IMG_0214.jpg,1103371,"{""caption"":"""",""public_domain"":""no"",""image_url"":""""}",21,8,"{""name"":""polyline"",""all_points_x"":[302,1035,1035,298],""all_points_y"":[1635,1610,1537,1572]}","{""label"":""item""}"
IMG_0214.jpg,1103371,"{""caption"":"""",""public_domain"":""no"",""image_url"":""""}",21,9,"{""name"":""polyline"",""all_points_x"":[1274,1442,1435,1277],""all_points_y"":[1614,1603,1516,1530]}","{""label"":""itemPrice""}"
IMG_0214.jpg,1103371,"{""caption"":"""",""public_domain"":""no"",""image_url"":""""}",21,10,"{""name"":""polyline"",""all_points_x"":[302,1028,1032,305],""all_points_y"":[1751,1730,1632,1663]}","{""label"":""item""}"
IMG_0214.jpg,1103371,"{""caption"":"""",""public_domain"":""no"",""image_url"":""""}",21,11,"{""name"":""polyline"",""all_points_x"":[1277,1432,1432,1274],""all_points_y"":[1712,1712,1628,1642]}","{""label"":""itemPrice""}"
IMG_0214.jpg,1103371,"{""caption"":"""",""public_domain"":""no"",""image_url"":""""}",21,12,"{""name"":""polyline"",""all_points_x"":[319,1000,996,316],""all_points_y"":[1853,1825,1747,1775]}","{""label"":""item""}"
IMG_0214.jpg,1103371,"{""caption"":"""",""public_domain"":""no"",""image_url"":""""}",21,13,"{""name"":""polyline"",""all_points_x"":[1239,1446,1442,1232],""all_points_y"":[1821,1810,1733,1747]}","{""label"":""itemPrice""}"
IMG_0214.jpg,1103371,"{""caption"":"""",""public_domain"":""no"",""image_url"":""""}",21,14,"{""name"":""polyline"",""all_points_x"":[312,1042,1039,312],""all_points_y"":[1951,1933,1846,1877]}","{""label"":""item""}"
IMG_0214.jpg,1103371,"{""caption"":"""",""public_domain"":""no"",""image_url"":""""}",21,15,"{""name"":""polyline"",""all_points_x"":[1225,1442,1435,1225],""all_points_y"":[1923,1916,1832,1839]}","{""label"":""itemPrice""}"
IMG_0214.jpg,1103371,"{""caption"":"""",""public_domain"":""no"",""image_url"":""""}",21,16,"{""name"":""polyline"",""all_points_x"":[0,933,916,4],""all_points_y"":[2175,2154,1965,1982]}","{""label"":""item""}"
IMG_0214.jpg,1103371,"{""caption"":"""",""public_domain"":""no"",""image_url"":""""}",21,17,"{""name"":""polyline"",""all_points_x"":[1270,1449,1449,1274],""all_points_y"":[2130,2126,2049,2056]}","{""label"":""itemPrice""}"
IMG_0214.jpg,1103371,"{""caption"":"""",""public_domain"":""no"",""image_url"":""""}",21,18,"{""name"":""polyline"",""all_points_x"":[25,495,488,25,25],""all_points_y"":[2372,2365,2165,2175,2182]}","{""label"":""item""}"
IMG_0214.jpg,1103371,"{""caption"":"""",""public_domain"":""no"",""image_url"":""""}",21,19,"{""name"":""polyline"",""all_points_x"":[1277,1449,1449,1274],""all_points_y"":[2347,2340,2260,2270]}","{""label"":""itemPrice""}"
IMG_0214.jpg,1103371,"{""caption"":"""",""public_domain"":""no"",""image_url"":""""}",21,20,"{""name"":""polyline"",""all_points_x"":[326,1456,1460,326],""all_points_y"":[2575,2540,2467,2495]}","{""label"":""total""}"
